-- phpMyAdmin SQL Dump
-- version 5.2.0
-- https://www.phpmyadmin.net/
--
-- Servidor: 127.0.0.1
-- Tiempo de generación: 26-04-2023 a las 17:44:32
-- Versión del servidor: 10.4.24-MariaDB
-- Versión de PHP: 8.1.6

SET SQL_MODE = "NO_AUTO_VALUE_ON_ZERO";
START TRANSACTION;
SET time_zone = "+00:00";


/*!40101 SET @OLD_CHARACTER_SET_CLIENT=@@CHARACTER_SET_CLIENT */;
/*!40101 SET @OLD_CHARACTER_SET_RESULTS=@@CHARACTER_SET_RESULTS */;
/*!40101 SET @OLD_COLLATION_CONNECTION=@@COLLATION_CONNECTION */;
/*!40101 SET NAMES utf8mb4 */;

--
-- Base de datos: `gamifika`
--

-- --------------------------------------------------------

--
-- Estructura de tabla para la tabla `failed_jobs`
--

CREATE TABLE `failed_jobs` (
  `id` bigint(20) UNSIGNED NOT NULL,
  `uuid` varchar(255) COLLATE utf8mb4_unicode_ci NOT NULL,
  `connection` text COLLATE utf8mb4_unicode_ci NOT NULL,
  `queue` text COLLATE utf8mb4_unicode_ci NOT NULL,
  `payload` longtext COLLATE utf8mb4_unicode_ci NOT NULL,
  `exception` longtext COLLATE utf8mb4_unicode_ci NOT NULL,
  `failed_at` timestamp NOT NULL DEFAULT current_timestamp()
) ENGINE=InnoDB DEFAULT CHARSET=utf8mb4 COLLATE=utf8mb4_unicode_ci;

-- --------------------------------------------------------

--
-- Estructura de tabla para la tabla `migrations`
--

CREATE TABLE `migrations` (
  `id` int(10) UNSIGNED NOT NULL,
  `migration` varchar(255) COLLATE utf8mb4_unicode_ci NOT NULL,
  `batch` int(11) NOT NULL
) ENGINE=InnoDB DEFAULT CHARSET=utf8mb4 COLLATE=utf8mb4_unicode_ci;

--
-- Volcado de datos para la tabla `migrations`
--

INSERT INTO `migrations` (`id`, `migration`, `batch`) VALUES
(33, '2014_10_12_000000_create_users_table', 1),
(34, '2014_10_12_100000_create_password_reset_tokens_table', 1),
(35, '2019_08_19_000000_create_failed_jobs_table', 1),
(36, '2019_12_14_000001_create_personal_access_tokens_table', 1),
(37, '2023_02_17_153257_ranking', 1),
(38, '2023_02_27_164448_ranking_user', 1),
(39, '2023_03_17_180227_task', 1),
(40, '2023_03_17_180916_task_user', 1);

-- --------------------------------------------------------

--
-- Estructura de tabla para la tabla `password_reset_tokens`
--

CREATE TABLE `password_reset_tokens` (
  `email` varchar(255) COLLATE utf8mb4_unicode_ci NOT NULL,
  `token` varchar(255) COLLATE utf8mb4_unicode_ci NOT NULL,
  `created_at` timestamp NULL DEFAULT NULL
) ENGINE=InnoDB DEFAULT CHARSET=utf8mb4 COLLATE=utf8mb4_unicode_ci;

-- --------------------------------------------------------

--
-- Estructura de tabla para la tabla `personal_access_tokens`
--

CREATE TABLE `personal_access_tokens` (
  `id` bigint(20) UNSIGNED NOT NULL,
  `tokenable_type` varchar(255) COLLATE utf8mb4_unicode_ci NOT NULL,
  `tokenable_id` bigint(20) UNSIGNED NOT NULL,
  `name` varchar(255) COLLATE utf8mb4_unicode_ci NOT NULL,
  `token` varchar(64) COLLATE utf8mb4_unicode_ci NOT NULL,
  `abilities` text COLLATE utf8mb4_unicode_ci DEFAULT NULL,
  `last_used_at` timestamp NULL DEFAULT NULL,
  `expires_at` timestamp NULL DEFAULT NULL,
  `created_at` timestamp NULL DEFAULT NULL,
  `updated_at` timestamp NULL DEFAULT NULL
) ENGINE=InnoDB DEFAULT CHARSET=utf8mb4 COLLATE=utf8mb4_unicode_ci;

--
-- Volcado de datos para la tabla `personal_access_tokens`
--

INSERT INTO `personal_access_tokens` (`id`, `tokenable_type`, `tokenable_id`, `name`, `token`, `abilities`, `last_used_at`, `expires_at`, `created_at`, `updated_at`) VALUES
(1, 'App\\Models\\User', 1, 'auth_token', 'e85016b863d1e517c4ea1a5d63262719b3ce58b5461a528da5d23c7067490c00', '[\"*\"]', NULL, NULL, '2023-04-21 16:13:29', '2023-04-21 16:13:29'),
(2, 'App\\Models\\User', 1, 'auth_token', '477642d6492b44324a24ed54c58700e8acbe3dada5dc226c867e12994e662c41', '[\"*\"]', '2023-04-21 16:14:45', NULL, '2023-04-21 16:14:44', '2023-04-21 16:14:45'),
(3, 'App\\Models\\User', 1, 'auth_token', '8bd5c31e21bb32c8d979606d48d8b8c9352a721dea1e4bc4b075693ee87e0409', '[\"*\"]', '2023-04-24 11:35:05', NULL, '2023-04-24 11:16:50', '2023-04-24 11:35:05'),
(4, 'App\\Models\\User', 1, 'auth_token', 'e7f3cb78c8c97f87906aa8048e625a37535a9de57cb4d9dca36b7f0af1e99101', '[\"*\"]', '2023-04-24 12:12:29', NULL, '2023-04-24 11:40:01', '2023-04-24 12:12:29'),
(5, 'App\\Models\\User', 1, 'auth_token', '4776d72eb6966350911c83a3abfdd6f872b33fe7ea65d06ec19341000e8bde91', '[\"*\"]', '2023-04-24 12:13:12', NULL, '2023-04-24 12:13:11', '2023-04-24 12:13:12'),
(6, 'App\\Models\\User', 2, 'auth_token', '165f0d32d58d22f572c6dc9b8335a1b9023c49ef68ace8f50ac4aa1fff6bb5a8', '[\"*\"]', NULL, NULL, '2023-04-24 12:14:25', '2023-04-24 12:14:25'),
(7, 'App\\Models\\User', 2, 'auth_token', '397de8fd0050d8c525aae3a25d487dc2be9b94e55f4e341bddceecf15eb0855f', '[\"*\"]', '2023-04-24 12:14:45', NULL, '2023-04-24 12:14:44', '2023-04-24 12:14:45'),
(8, 'App\\Models\\User', 2, 'auth_token', '23af03e22da51069be365fc0de2550e21bd2f2b22fc0f7356febd6f7666a8e29', '[\"*\"]', '2023-04-24 12:42:02', NULL, '2023-04-24 12:15:24', '2023-04-24 12:42:02'),
(9, 'App\\Models\\User', 2, 'auth_token', '9bd401a105da13e3c5e95589c8591effe567fd79265ddc7e90e3f60551ed23fd', '[\"*\"]', '2023-04-24 12:42:34', NULL, '2023-04-24 12:42:33', '2023-04-24 12:42:34'),
(10, 'App\\Models\\User', 2, 'auth_token', 'b0397c7d2e019a8915a610b87d8250b47d3d5d665b329d988aefd6d81aa79e28', '[\"*\"]', '2023-04-24 12:45:17', NULL, '2023-04-24 12:45:16', '2023-04-24 12:45:17'),
(11, 'App\\Models\\User', 1, 'auth_token', '356b4f36abf9f698aa943a41cfc613956beff3473b5e7b2129849e80e46f20f9', '[\"*\"]', '2023-04-24 12:48:40', NULL, '2023-04-24 12:46:43', '2023-04-24 12:48:40'),
(12, 'App\\Models\\User', 3, 'auth_token', '433f103ef441a34506ab5eaec2033e20ad5186cda6d4a7892e7dede0a7e2c829', '[\"*\"]', NULL, NULL, '2023-04-24 12:49:08', '2023-04-24 12:49:08'),
(13, 'App\\Models\\User', 3, 'auth_token', 'f3d0f6e67fa7984f8fee8689a80922ff4ebfced6056d68c6d1b9912849dcbcde', '[\"*\"]', '2023-04-24 13:37:06', NULL, '2023-04-24 12:49:18', '2023-04-24 13:37:06'),
(14, 'App\\Models\\User', 1, 'auth_token', '378af973595ed1751283546b999c04d4f15a5b319fe026b78cf9461b4e2a08bf', '[\"*\"]', '2023-04-24 13:37:54', NULL, '2023-04-24 13:37:53', '2023-04-24 13:37:54'),
(15, 'App\\Models\\User', 4, 'auth_token', '1555c2e8030bff4e19ef68f83a8be5bd5ac87629eaceb1845a76ac1e9c9409ff', '[\"*\"]', NULL, NULL, '2023-04-24 13:39:48', '2023-04-24 13:39:48'),
(16, 'App\\Models\\User', 4, 'auth_token', 'd2de0cbdf29d3508f633ca703d2338fd2fddc01f1ca357a35333838fa337267c', '[\"*\"]', '2023-04-24 14:38:38', NULL, '2023-04-24 13:39:57', '2023-04-24 14:38:38'),
(17, 'App\\Models\\User', 2, 'auth_token', '4b793174e7bda611e048a41b879ccee92be9eaf35969a40c2dbc98aae9c85f1d', '[\"*\"]', '2023-04-24 14:40:24', NULL, '2023-04-24 14:40:23', '2023-04-24 14:40:24'),
(18, 'App\\Models\\User', 5, 'auth_token', 'a25fab9046ca1f8ee9556dbdd991e577bcad595b5465371bff463226588ed151', '[\"*\"]', NULL, NULL, '2023-04-24 14:42:21', '2023-04-24 14:42:21'),
(19, 'App\\Models\\User', 5, 'auth_token', '67ff1bb0b55e960e0992cd14c973ff46837e46de432654c62efbf096b750ac5d', '[\"*\"]', '2023-04-24 14:47:39', NULL, '2023-04-24 14:42:32', '2023-04-24 14:47:39'),
(20, 'App\\Models\\User', 4, 'auth_token', 'a6f56c52e53421f29d744bac8621dc94b55f863597657571c037b47c650af624', '[\"*\"]', '2023-04-24 15:04:40', NULL, '2023-04-24 14:56:47', '2023-04-24 15:04:40'),
(21, 'App\\Models\\User', 4, 'auth_token', '6e14bb24372dfa69f76561e5c4f8a9e33ca103fa7044d80ad2a4946153644ace', '[\"*\"]', '2023-04-24 15:20:43', NULL, '2023-04-24 15:08:17', '2023-04-24 15:20:43'),
(22, 'App\\Models\\User', 5, 'auth_token', 'b365d4f6b7201359886766d42cad825446e676ad69b4c96f79d48ed042729d15', '[\"*\"]', '2023-04-24 15:35:01', NULL, '2023-04-24 15:22:41', '2023-04-24 15:35:01'),
(23, 'App\\Models\\User', 4, 'auth_token', 'd5bcd6ada104b9557eaaa99fcb04e9e4104f8764b4d09d1acf4e442b6c97cd68', '[\"*\"]', '2023-04-24 15:50:47', NULL, '2023-04-24 15:35:23', '2023-04-24 15:50:47'),
(24, 'App\\Models\\User', 4, 'auth_token', '622d785dff78bd4f69622fcbe5b701484591ab08d99b31e733351733255258b4', '[\"*\"]', '2023-04-24 15:54:40', NULL, '2023-04-24 15:51:01', '2023-04-24 15:54:40'),
(25, 'App\\Models\\User', 4, 'auth_token', '66b2aec3f3c3d21a04a00abe5d20f67368a4d4b025ebe69c72ab0e0306e258b2', '[\"*\"]', '2023-04-24 15:55:35', NULL, '2023-04-24 15:55:29', '2023-04-24 15:55:35'),
(26, 'App\\Models\\User', 5, 'auth_token', 'ac9a375c63c0ac6cfed31e3650d1c554dd03180ac6e6f182e3574bf65ebe7ae8', '[\"*\"]', '2023-04-24 15:56:42', NULL, '2023-04-24 15:55:57', '2023-04-24 15:56:42'),
(27, 'App\\Models\\User', 4, 'auth_token', '567b581e49ea5def2c3817a3b2b3d0547c36b765ea827f825080cdf4d113f2e7', '[\"*\"]', '2023-04-24 15:57:10', NULL, '2023-04-24 15:57:01', '2023-04-24 15:57:10'),
(28, 'App\\Models\\User', 5, 'auth_token', 'dd1b045d6c543545909743baa4b3b00b47d8579208e1f557a62bb7393159f1c6', '[\"*\"]', '2023-04-24 15:57:33', NULL, '2023-04-24 15:57:32', '2023-04-24 15:57:33'),
(29, 'App\\Models\\User', 5, 'auth_token', '82531f194656a6c7da9a81b016d14788492ef54165135f08bc13f05b76fab617', '[\"*\"]', '2023-04-24 16:04:48', NULL, '2023-04-24 16:04:47', '2023-04-24 16:04:48'),
(30, 'App\\Models\\User', 5, 'auth_token', 'bdf93c3e24689ebc43c785cac2ecbf183c8e09437734bc3bca5f1185fdeaf81f', '[\"*\"]', '2023-04-25 12:11:30', NULL, '2023-04-25 12:01:16', '2023-04-25 12:11:30'),
(31, 'App\\Models\\User', 4, 'auth_token', '8ab9c7223454a9ae15a8d6bf7234b53cb6ee5830d1f4037a91aa4d08ac2425ce', '[\"*\"]', '2023-04-25 12:14:24', NULL, '2023-04-25 12:13:23', '2023-04-25 12:14:24'),
(32, 'App\\Models\\User', 5, 'auth_token', '5e98ba93800f4fb17f113d90358513eda7f8bf837ad123652f454d54f66a74bd', '[\"*\"]', '2023-04-25 12:53:29', NULL, '2023-04-25 12:14:35', '2023-04-25 12:53:29'),
(33, 'App\\Models\\User', 4, 'auth_token', '94c0f061cabfe892b5af6d13a5f87bc174da58347a2606870732d7067e0d340b', '[\"*\"]', '2023-04-25 12:54:24', NULL, '2023-04-25 12:53:45', '2023-04-25 12:54:24'),
(34, 'App\\Models\\User', 5, 'auth_token', '64f73bf7a892c47cdea17af7994880435756be42b278812842547d6ce585a1dd', '[\"*\"]', '2023-04-25 15:52:21', NULL, '2023-04-25 12:54:33', '2023-04-25 15:52:21'),
(35, 'App\\Models\\User', 4, 'auth_token', 'b5345f930ce5fd06f3156ce8bf01d3a400a3d7955538230d33355bb1089e95aa', '[\"*\"]', '2023-04-25 16:03:56', NULL, '2023-04-25 15:52:36', '2023-04-25 16:03:56'),
(36, 'App\\Models\\User', 4, 'auth_token', '5101cc79a341d585a182f1ec619a2b2f30ea263f1b5d5d6bb6aab20d1347baa4', '[\"*\"]', '2023-04-25 16:15:12', NULL, '2023-04-25 16:04:16', '2023-04-25 16:15:12'),
(37, 'App\\Models\\User', 5, 'auth_token', 'bf7dcc1c44c5c0e000a347145d3031eb053459110e6b1c79803921ea3d038ab8', '[\"*\"]', '2023-04-25 16:20:45', NULL, '2023-04-25 16:15:31', '2023-04-25 16:20:45'),
(38, 'App\\Models\\User', 5, 'auth_token', '6e262a2be0ee8d467e66f57f207394a114c474ab7edb1ba6a857871fbc904054', '[\"*\"]', '2023-04-26 13:27:58', NULL, '2023-04-26 11:50:34', '2023-04-26 13:27:58');

-- --------------------------------------------------------

--
-- Estructura de tabla para la tabla `ranking`
--

CREATE TABLE `ranking` (
  `id` bigint(20) UNSIGNED NOT NULL,
  `ranking_name` varchar(255) COLLATE utf8mb4_unicode_ci NOT NULL,
  `owner` varchar(255) COLLATE utf8mb4_unicode_ci NOT NULL,
  `img` blob DEFAULT NULL,
  `code` varchar(255) COLLATE utf8mb4_unicode_ci NOT NULL,
  `created_at` timestamp NULL DEFAULT NULL,
  `updated_at` timestamp NULL DEFAULT NULL
) ENGINE=InnoDB DEFAULT CHARSET=utf8mb4 COLLATE=utf8mb4_unicode_ci;

--
-- Volcado de datos para la tabla `ranking`
--

INSERT INTO `ranking` (`id`, `ranking_name`, `owner`, `img`, `code`, `created_at`, `updated_at`) VALUES
(1, 'DAW1', 'Santiago', NULL, 'WvJKTjl9zN', '2023-04-24 15:18:55', '2023-04-24 15:18:55'),
(2, 'DAW2', 'Santiago', NULL, '2AVqf8CtwL', '2023-04-24 15:20:14', '2023-04-24 15:20:14'),
(3, 'DAM1', 'Santiago', NULL, 'eDcDLnGseR', '2023-04-24 15:20:21', '2023-04-24 15:20:21'),
(5, 'DAM2', 'Santiago', NULL, 'JQ6RBfuvpG', '2023-04-24 15:54:37', '2023-04-24 15:54:37');

-- --------------------------------------------------------

--
-- Estructura de tabla para la tabla `ranking_user`
--

CREATE TABLE `ranking_user` (
  `id` bigint(20) UNSIGNED NOT NULL,
  `id_ranking` bigint(20) UNSIGNED NOT NULL,
  `id_user` bigint(20) UNSIGNED NOT NULL,
  `user_name` varchar(255) COLLATE utf8mb4_unicode_ci NOT NULL,
  `points` int(11) NOT NULL,
  `validar` tinyint(1) NOT NULL,
  `created_at` timestamp NULL DEFAULT NULL,
  `updated_at` timestamp NULL DEFAULT NULL
) ENGINE=InnoDB DEFAULT CHARSET=utf8mb4 COLLATE=utf8mb4_unicode_ci;

--
-- Volcado de datos para la tabla `ranking_user`
--

INSERT INTO `ranking_user` (`id`, `id_ranking`, `id_user`, `user_name`, `points`, `validar`, `created_at`, `updated_at`) VALUES
(1, 1, 5, 'Jaimito', 0, 1, '2023-04-24 15:23:09', '2023-04-24 15:55:32'),
(2, 2, 5, 'Jaimito', 0, 0, '2023-04-24 15:56:24', '2023-04-24 15:57:04'),
(3, 3, 5, 'Jaimito', 0, 1, '2023-04-24 15:56:34', '2023-04-24 15:57:05'),
(4, 5, 5, 'Jaimito', 0, 1, '2023-04-24 15:56:43', '2023-04-24 15:57:06');

-- --------------------------------------------------------

--
-- Estructura de tabla para la tabla `task`
--

CREATE TABLE `task` (
  `id` bigint(20) UNSIGNED NOT NULL,
  `id_ranking` bigint(20) UNSIGNED NOT NULL,
  `ranking_name` varchar(255) COLLATE utf8mb4_unicode_ci NOT NULL,
  `name` varchar(255) COLLATE utf8mb4_unicode_ci NOT NULL,
  `sentence` varchar(255) COLLATE utf8mb4_unicode_ci NOT NULL,
  `created_at` timestamp NULL DEFAULT NULL,
  `updated_at` timestamp NULL DEFAULT NULL
) ENGINE=InnoDB DEFAULT CHARSET=utf8mb4 COLLATE=utf8mb4_unicode_ci;

--
-- Volcado de datos para la tabla `task`
--

INSERT INTO `task` (`id`, `id_ranking`, `ranking_name`, `name`, `sentence`, `created_at`, `updated_at`) VALUES
(2, 1, 'DAW1', 'Tarea 2', 'Esta es la tarea 2', '2023-04-24 15:36:03', '2023-04-24 15:36:03'),
(4, 1, 'DAW1', 'Tarea3', 'Esta es la tarea 3', '2023-04-24 15:51:53', '2023-04-24 15:51:53'),
(5, 1, 'DAW1', 'Tarea4', 'Esta es la tarea 4', '2023-04-24 15:51:59', '2023-04-24 15:51:59'),
(6, 1, 'DAW1', 'Tarea5', 'Esta es la tarea 5', '2023-04-24 15:52:03', '2023-04-24 15:52:03'),
(8, 1, 'DAW1', 'Tarea7', 'Esta es la tarea 7', '2023-04-24 15:52:12', '2023-04-24 15:52:12'),
(9, 1, 'DAW1', 'Tarea8', 'Esta es la tarea 8', '2023-04-24 15:52:16', '2023-04-24 15:52:16'),
(10, 1, 'DAW1', 'Tarea9', 'Esta es la tarea 9', '2023-04-24 15:52:21', '2023-04-24 15:52:21'),
(11, 1, 'DAW1', 'Tarea10', 'Esta es la tarea 10', '2023-04-24 15:52:25', '2023-04-24 15:52:25'),
(12, 2, 'DAW2', 'Tarea 1', 'Esta es la tarea 1', '2023-04-24 15:53:19', '2023-04-24 15:53:19'),
(13, 2, 'DAW2', 'Tarea 2', 'Esta es la tarea 2', '2023-04-24 15:53:25', '2023-04-24 15:53:25'),
(14, 2, 'DAW2', 'Tarea 3', 'Esta es la tarea 3', '2023-04-24 15:53:31', '2023-04-24 15:53:31'),
(15, 2, 'DAW2', 'Tarea 4', 'Esta es la tarea 4', '2023-04-24 15:53:34', '2023-04-24 15:53:34'),
(16, 2, 'DAW2', 'Tarea 5', 'Esta es la tarea 5', '2023-04-24 15:53:37', '2023-04-24 15:53:37'),
(17, 2, 'DAW2', 'Tarea 6', 'Esta es la tarea 6', '2023-04-24 15:53:41', '2023-04-24 15:53:41'),
(18, 2, 'DAW2', 'Tarea 7', 'Esta es la tarea 7', '2023-04-24 15:53:45', '2023-04-24 15:53:45');

-- --------------------------------------------------------

--
-- Estructura de tabla para la tabla `task_user`
--

CREATE TABLE `task_user` (
  `id` bigint(20) UNSIGNED NOT NULL,
  `id_task` bigint(20) UNSIGNED NOT NULL,
  `id_user` bigint(20) UNSIGNED NOT NULL,
  `file` blob NOT NULL,
  `corrected` tinyint(1) NOT NULL DEFAULT 0,
  `note` decimal(2,2) DEFAULT NULL,
  `created_at` timestamp NULL DEFAULT NULL,
  `updated_at` timestamp NULL DEFAULT NULL
) ENGINE=InnoDB DEFAULT CHARSET=utf8mb4 COLLATE=utf8mb4_unicode_ci;

-- --------------------------------------------------------

--
-- Estructura de tabla para la tabla `user`
--

CREATE TABLE `user` (
  `id` bigint(20) UNSIGNED NOT NULL,
  `name` varchar(255) COLLATE utf8mb4_unicode_ci NOT NULL,
  `lastname` varchar(255) COLLATE utf8mb4_unicode_ci NOT NULL,
  `nick` varchar(255) COLLATE utf8mb4_unicode_ci NOT NULL,
  `email` varchar(255) COLLATE utf8mb4_unicode_ci NOT NULL,
  `password` varchar(255) COLLATE utf8mb4_unicode_ci NOT NULL,
  `school` varchar(255) COLLATE utf8mb4_unicode_ci DEFAULT NULL,
  `date` date DEFAULT NULL,
  `rol` varchar(255) COLLATE utf8mb4_unicode_ci NOT NULL,
  `img` blob DEFAULT NULL,
  `email_verified_at` timestamp NULL DEFAULT NULL,
  `remember_token` varchar(100) COLLATE utf8mb4_unicode_ci DEFAULT NULL,
  `created_at` timestamp NULL DEFAULT NULL,
  `updated_at` timestamp NULL DEFAULT NULL
) ENGINE=InnoDB DEFAULT CHARSET=utf8mb4 COLLATE=utf8mb4_unicode_ci;

--
-- Volcado de datos para la tabla `user`
--

INSERT INTO `user` (`id`, `name`, `lastname`, `nick`, `email`, `password`, `school`, `date`, `rol`, `img`, `email_verified_at`, `remember_token`, `created_at`, `updated_at`) VALUES
(3, 'Bryan', 'Cayetano', 'Brian', 'bryan@gmail.com', '$2y$10$EKWLAPCSA9DkULz/pyxawORqXOHlM0L4kWP9Dd4jHjGdNgydY18ze', 'IES María Teresa de las Cumedades', '2023-04-11', 'teacher', 0x6956424f5277304b47676f414141414e5355684555674141416659414141483243414d41414143314e56364f414141415931424d564555414141446335757a6335757a6335757a6335757a6335757a6335757a6335757a6335757a6335757a6335757a6335757a6335757a6335757a6335757a633575796e7663724d32754b6374634f7978644848317436387a646558734c2b4d714c6a5233755842306475337964545834756d7377633253724c796975636148704c586335757931384e784f4141414145485253546c4d41514c2f76454743416e7944664d4d2b50634b395135424c593467414145796c4a524546556546377331307475677a45494247434d62577a3876414c3350325756536c6b3354662b486e633633597a324345665150414c676e65656a504b644e6e676649644d544f722f59435a6b3068304c74436d494c67706a646e656f7a796b75304c6267444a6c7342314475665846477744796c46487442492f7761543151596d4d376c77355a702f55684f47467646366d7046376f5a354e69715863327a4f4c6f4a684a6a55626e4e48394442627462763530544e6442584966746770746b383448705656626978387830496c674e72556c38566e6e486d62797472423666504a516b72666c31534f765065536d746f6b5236516751597257642b46546f6a38416c32342f3251472b44304e55326c5278644134752b2f387044724c6139333755385a50483245586a536936416b2b787a36306938506a722f594e595063434745596968596343424159564a557571746e382b352b79693635476c567045523671532f3934566e6d782f4f314662784f67676e70482b6e667a5433526147575a49516a33544549783378534b39645048537a544d6a6e556a307257355072484577336552456230744d71503262336b2b30577371526653484b5772496d6862674d6a6667795a557a7236652f765136644e58663466594c664d37394a4e4c6c4f73464439484f736453684c4a616c44694f6c586a3855504b584f6842394337554f6b5a31646e682b3943647644315a745476774e78577370754b546745744a62733964424b344e64506f56396c426f3039464274446f5366416b2b753243414368543351302b36776f5148587462565444676c354164445068426677464b63747a5749526243484739794e6a6361474f6f4b63374f65416d51692f442b41647a35504565685a3350444f465a366e324b786e413746674865395978337654707a6b594f4d336848657434787a726573593533724f4d6436336976616c2b48486575586544324f39376348506f376a7a74336d41766d547654506162684d47676d674e4a6f596b545953774543444c732f2f2f6c583370533376534e4c4554324246376632484f536a50616c5354365365646c3842372f496e73337a48314275707671365478634d7a36456436486e3139303672576d2b6a5067633862716f6c7235756261726958616246347a61796d796e6e4c6b7a3161526c784439484e5a4c72627447514b492b346e756c3555386d4b7176304876497236494d535362702f3262597966366d44322b6b6e695a314c3953612b32586b50486c4f4958434e78625962784364582f6848753950366d7a6e6a32334354796d4d626932356e6a2b386b446b6e455974796a7143493566446435466c565557396935576a5378524b79416e3051547a7a7333385a50484f7352683333622b78466e71397a4e4f464c61752f4b3562386c695475496765756c5674335548304d4565737a445778327a702b4f3366422b75522b6c3761754569326b455a75774541395638702f4f395245623458593362504d71576767526d7a456d55634c544b71713374536868774a626b666c66622b354d6f77574662596b2b337666502f374a5775324a79776d2b33396f4e44436d2b3756696c4e55706a6f51396a466a39574b712f306e597736784e6f3152313037303772706a6454485567464a2f694b7232716d2b36487772757462367075757466486f706434423358304a642b51716e537262756431722b55753851456179596c676d5364323857666f5a437a31516d536c704c2b754646656d6d3238737572335055754b687a62466d73484e6d3578384b5049746638442f4d316a3057313237746f5a7472635333596a6d566a742b33395a3245544e52646f4a2f5a4668666532356b6e736c7435504a666d356c45484155464234503967532f3148695649367236387a4666786776436d694b616346346b4441583475714f4e5676667a58707844325863633077526e3846635858743365434f3837476175376c5243654a7369694841454959346976446c5155554349717a51554f3962417970322f324b33636e396a76736b3967773547663254545765614d74393436387a5235427834573633427562704c714e6d4a6a4c76524d465a424153694d753973667351747a494b62376c33334f6e4e70716362326d4a5075426e4c6342317473516477456f5730334276324a777873334549363071754f453168786e4f562b455037516271743852566e73346b484c7a486a7a755a5553664c797438692b4d487a3846384a4a46364b62716a6f5538485737505635304958772f504947626865363275466f747639334b6c653375366b554b32646f747730744839432b4a4154533871614e692b36423542545344375765496b6c746f4c2b6971757055707663675933586e54777a50566238774a795241663144593132656b646e6e6b3461716b2b365063695a68636a556e55514a594763514a62524566374d6e734f4f457839513176396737463933475653414d3537354e6e585a6a4c7359327875642f2f36633875327058386b71724f6d3242444f542f4869435239516b59426d5a415a59453851336d63433371536679686565796a6e6166386e384a6e756145414b507a496575564b376878514f68577a6167626c383751596f592b762b4444456f61733932702b35433752455a4949616e70484d386a31325861496a68705a4135486a4546554875544f54464c37664a6e2b584f7432716e394a643863542b3179614c4c47386451756635592f31367564326f2f5a356e6871463852727a6e773874597650797a6331613666326e786e50584b6c642b756e7273577274314c37502f6a34497463743935487350555468716a387770792f31344872794f454557544a555648375161794f475461766c47373943336341634b597974666541744b33634438524856365946735a5a2f74494f532b335265637178744c4d595368704838557337656d71507a6f3863537a734c6e635576376865496f324f324a766e69336b4163697476323544743379454f7a386a45366c39514a655261344238696a535633667a46422b686b42533937446730617547514c614a7a396f5a30786b49354358784e547247644234436555326272474636746f4e457a6d6b6a4f7562704a6f6a6b6b445369342b492b5143546270424564463363506b5a796b52335241792b4f336c4964775777676c3842776d4e6b334b69493474355873495a566b5049355342323765457454454e704f4934783665375741577858446e484a77766c6e7947576c6e4e386248624a55724f4d355333453071514b35506b716d504f5179364c337046673858346c4a46637276494a6772693938535a65583345457a4c7847796955423669555478386938736c535561656d626f413065794b304937413356754b4864774a737245633748464a6f5a334433554934682f6a374e36377541644c5a7874664f5948346f52507365306a48637338666675434d69544e575a5172512f51543639597a592b636d584d46675767656651576a31316b3765786f4d7149553753386f41634e344c683552737a587352657036616f2b4d44357a695932702f52526d306e4f4a6a356d74324b4154396946453874554d39596c61573272316a47344e6f6854456f42384f4369476a5a57525445794956646b6e616579625249423758376a735650556251665542512b734f466b6a4b5438466d58524f7036325374424f377a4d65547a76724a54705037546d77744235484f37334c74303774734c522b522b3330336e6c51657848656152314e73646f784f46722f4d6b7674334c2f4c7a394a514f39704136376d3138317a476774727667372f664f61777a65446a747648665274536959632b6e61596478646c6e57504264793335386572427979446f485a41567a504255377333786f7a364639594c32386c4e486d75302b6a65444d59626162365164394b7a63557343317877702b79695939724a753034612b355155326a3864542b6762316857697a556e784a764f696c4466666a6e3142506d736158326639424f4835687a476d746f4a32465662395548487a4862586f7a325a776a41584e32334a39632b64653747326538764e7433597939432b776233703955306832657978676c4570706576312f372f744f3679496c7839785838783838326762634d504347707662343871625079526f2f2b42564d5861786f4d6359384c4468507449787541672f574958322b4937636946574732464f396d337045474f6f4378432b316e33456e7a466347707571785368737a7541756a7879716a4b79717866307265316d423971354e67774d4f5049644c73506d43642f7175666f682b746d345766557566453236763772764e75394544306f62346b6d496653626b4b4f41745068757649334d5862596252636a375a64662b3056416138466b6f3654563669732f6637552b777647663241482f6c4c736434584a3835426f6c526976334b6556742b6c6c72695a625468564c2b4266637766504a6354363071556c6474664b59415a596e796439442b7339524c456250484a326e4e7143656c314e2f4457366c5a36324646654e4b555947677a58365837786262596e6b4e7578503377732b5237754f754e785a384c76746d756574794a4d6649357238327466564e3050595032306e4a4e387231664674704c7257494a46696e4966374a764d37384d315252657539515a354d5272563368313158487a6d3133784657764b46437439696333362f4e2b5043767147716b474d64506c76794430766e76624e626c332b47702f2f746c36623855586e59795531696b3733534d69674b756c5476582f547671326e68654138704c766d575531626c4e326239716561476f36457155643068726d6d46686d766d7a6371617a765257522b33627350563153546a394b3639716137352f3278394c4f65687567634a6a752f61647858326b4675616c2b39385366444a742b31766e4370396862763752726d68483636683067355968336674783371666233505872355162477133716656427576336c6e572f6472546d372b784b575a316b3671376c656d64707433446f6d6e65416b4570653348386e756a4a2f55417a3146634e6e2f595038774c6e55704e6239314654413841356a656a31724d4b2f306e43494230766d303336554e372b7a3936394a73634a4130454162697945654738534a2b744e2f4344335032562b70565272413674314d6c565454583933455053304a466a4556357176384e666f374c6573386d67663549486f37534b455841794476486d557679796649392f73676e786d6c2b6645576170726b413365667277745a39744733764a6331586b526231747850624c4a3366416d7237394e414e615a3770387145506c6c6e6567414c6659566a4e5838694177596a72485931646d636b41486a4d5261376c6e754c44496948574f774b38783275744964593741727a4d36364649387a73577534547273304f437a6f356d355131686f584e322b4b516d6e6d383033766365704d336d37496d432f7a37374e7033627744546c2f7654347041716d77727654667a546d325934664e4337504634685030326d39697977427a714675676b664a5a654254703474707659736b746678326e5950794178712b612b4c523272714574594d4c7239694942654c3035505a7944323036796c66593031462f597a58553337417573436334315851546c69586d484f38736e7950645645356e726978366243684a76686f795259314e694f327a4c796e7164544c39344468552f353545592b664c417659564e5075755772334e57486262464452695973506b7036774c5a4b4f62787268416e6255704676744775455339737765787a64354d6e334741354879664c786537683132315a5337622b706e522b784c6a4d32732b746b652b303645553774653768317543587854757962334362654d66464f374a766357742f5230686278712b526d334451372f386965762f2b4873704e6e6f2f726a346f7a333367414931326430336665426752496e455664626f786e4f4c45685856506f774b6d776555365a67536e544a64524a6c496c4f69553651494b3159456e30536e544e53695665424b644d6c324c5569314e523665654c714863413875584a2f57767141726c4b6e38487175545431317a4c6452785858625833476e47505342486b6453577177333043513542586c4739776e3459677943764b2f32486e7670496d6857456f6a4636516e456a39357a42352f367563523534423230685639327a68712b3543776c675578366a346635446e6f337a4555644861677a7931573958737376754e504c66794363636c62755339622b557a6a73764f7237486736646b4564506935477776414353376a6a4f7a3661413050324353636b7a7a5062357a674d73374a746a352f6f79342f646944356e642b5950654f734c46362f657551377549547a6f744f786e594f375a4a796e346e4e73352b4165635556304f625a7a63426646465672735a4b64666e583773514842346177304839344b725a6e2f62476d5950754770776c35336677593234627653327265472b5a73423132566c325a6b2b6f4956724a546c2f4e4e7a553746552b587a584a4e46314648634c53625a666143576b592f325a6c39514332546a657a306675447177516f574a31394363536b764766566f386247535a2f61496d683475736a50376a4c6f3244396d5a665542644b76617a38386a3067747057382b39642b5171754b4b6f6272622b41592f5942395757786e5a335a463753776d73374f37455852784767354f374d506143504c76646e706f2b4e662f4736394f5476312f497666625661766b6d66324165326f32447863772b77524c54314d5a6d66324757307442724d7a7530786f53326437325a6b396f4c564a7247566e396733744257505a6d62306f4f6b6932736a50376842353074705364325666304d596d64374d792b6f5a64674a6a757a7a3470756b7048737a4334544f7070745a476632674a35554c47526e39675639545161794d2f754933734c744c31365a76536936537a6366732b44706d762f73335732536f7941556865456a584558427a6f6564614e496b6d62762f5655374e6e374671717275364d306c453554786265417442564c5165435a693032666b75335259705345695a6e646e666b49613336543647596e614856487979374d78756b45365a364942705a672b43684b6f6b68356777753632526c4575516e646d7452324b6236624d7a653448554a4579646e646c4c7043646832757a4d586d494f7845365a6e646c627a494f3330353035792b774f632b4874564539656d64316850727964496a76643147464f7644322f504144313057426569676c2b376376715154417a5a5637645758337350755454674e5848377675586461647570745742307236714f2b30304347624b76367737717873426375764f36673741724c76337a773541463357594e322f6a6b3776545552336d7a6f646e6432663146764d6e515864504330444451557367722b3430374c58455172676e626452536637494646735070655867384148585265695351654b4f5757334d31466d583738493063666167524c497933385a47464851316e6456676543512b386145585876623568696553686852305863317373564b582f74304e5046323038466d7472342b337541445163315167577a4e382f77564f2f3178624c4a6873393344584230793761456f74586165782b486f412b4e486973514848584a7a4f3862334f435652447a7777733933654a3474353750685a34722b4d5a6a52517172483938456f50366b4738477169506c6d36346265315a5a596e546656793563423648725155474f46664e444439664d4164496c61596156616a56384d65413731707342714663336e41353544765257736d4f513234446e557877476679354b655133306b37586973466656376251706b6f5168362b724e7052384f37616976495261563648466a3964744c676b5a4861614c78774b5763725a4b61307575387976373576616d52485774567a746a667875354d3242624c6b6a6570376c6c4e384e313766633752744e4d4e765a3635485656636a59314a5a5058585a5465716d514f6245715236366a4b4a4862556f516171505a504b445a78622b544f68564739586a4e59766c754b77474e44326a473843754f2f752f4c3046534f346463627663616e474c35665a2f5466375a6a6273707767464551446a6a696f65414630454933702f2f2f4b5548716d4b672b6e6b726b36614862582b6f4e56752b6e6948394a4a764e5648584f386b2f612b6b425743625933334f2b4e756b303670333032472b6250734f744e3576676d584136412b7837686f4c53455853622b4e634a734177373733646a514f4b6c4854657a6b6e4a6e5865393767426b6a465465535630423650512b742f766b41436b65336e485539633773377057664277436332763178556737414e6a73712b39343749436e70304a2f6a4c43534162743748697074614146564e326c344179784a676a4e37385a5846654b4472306c354657694e76387a326b41494d7563584c32555538546d31323550337569637a474e6f6f7472323272766c7a742f2b6f4a5035317573347a72775a527572326261677a695a4268366a2b3734476266496f54546874754b584847456a4548395235584c724436526a55327079324a56622f5447786234715479704631663452546c2f713066716d332b4c4974526c63484d704a76654259596e326a3333666a562b4f5147536d506846786c425a613067356e3169303938386e5a4543424975617470766b6346557872484757572b3066767241477a4e59724a466b50476279576c51633139696766394c36636f2f74586d7354644474384a65476c597254583938435a4b6345352f6b6872725455686b2f347573776e707246334b2f49726b6d61675a436467664c4f67764f5539775277724f5264424e6a5834456373615943436e3564366c45534d72592f314c6d767745337342684450696e37665141414141424a52553545726b4a6767673d3d, NULL, NULL, '2023-04-24 12:49:08', '2023-04-24 12:49:08'),
(4, 'Iago', 'Prieto', 'Santiago', 'iago@gmail.com', '$2y$10$dYZb10zAzl9euYEPy9wWM.y3el3C9AKQAMDFyH5M0fa5QfMQw4qwi', 'IES Gilabajo', NULL, 'teacher', 0x6956424f5277304b47676f414141414e5355684555674141416659414141483243414d41414143314e56364f414141415931424d564555414141446335757a6335757a6335757a6335757a6335757a6335757a6335757a6335757a6335757a6335757a6335757a6335757a6335757a6335757a633575796e7663724d32754b6374634f7978644848317436387a646558734c2b4d714c6a5233755842306475337964545834756d7377633253724c796975636148704c586335757931384e784f4141414145485253546c4d41514c2f76454743416e7944664d4d2b50634b395135424c593467414145796c4a524546556546377331307475677a45494247434d62577a3876414c3350325756536c6b3354662b486e633633597a324345665150414c676e65656a504b644e6e676649644d544f722f59435a6b3068304c74436d494c67706a646e656f7a796b75304c6267444a6c7342314475665846477744796c46487442492f7761543151596d4d376c77355a702f55684f47467646366d7046376f5a354e69715863327a4f4c6f4a684a6a55626e4e48394442627462763530544e6442584966746770746b383448705656626978387830496c674e72556c38566e6e486d62797472423666504a516b72666c31534f765065536d746f6b5236516751597257642b46546f6a38416c32342f3251472b44304e55326c5278644134752b2f387044724c6139333755385a50483245586a536936416b2b787a36306938506a722f594e595063434745596968596343424159564a557571746e382b352b79693635476c567045523671532f3934566e6d782f4f314662784f67676e70482b6e667a5433526147575a49516a33544549783378534b39645048537a544d6a6e556a307257355072484577336552456230744d71503262336b2b30577371526653484b5772496d6862674d6a6667795a557a7236652f765136644e58663466594c664d37394a4e4c6c4f73464439484f736453684c4a616c44694f6c586a3855504b584f6842394337554f6b5a31646e682b3943647644315a745476774e78577370754b546745744a62733964424b344e64506f56396c426f3039464274446f5366416b2b753243414368543351302b36776f5148587462565444676c354164445068426677464b63747a5749526243484739794e6a6361474f6f4b63374f65416d51692f442b41647a35504565685a3350444f465a366e324b786e413746674865395978337654707a6b594f4d336848657434787a726573593533724f4d6436336976616c2b48486575586544324f39376348506f376a7a74336d41766d547654506162684d47676d674e4a6f596b545953774543444c732f2f2f6c583370533376534e4c4554324246376632484f536a50616c5354365365646c3842372f496e73337a48314275707671365478634d7a36456436486e3139303672576d2b6a5067633862716f6c7235756261726958616246347a61796d796e6e4c6b7a3161526c784439484e5a4c72627447514b492b346e756c3555386d4b7176304876497236494d535362702f3262597966366d44322b6b6e695a314c3953612b32586b50486c4f4958434e78625962784364582f6848753950366d7a6e6a32334354796d4d626932356e6a2b386b446b6e455974796a7143493566446435466c565557396935576a5378524b79416e3051547a7a7333385a50484f7352683333622b78466e71397a4e4f464c61752f4b3562386c695475496765756c5674335548304d4565737a445778327a702b4f3366422b75522b6c3761754569326b455a75774541395638702f4f395245623458593362504d71576767526d7a456d55634c544b71713374536868774a626b666c66622b354d6f77574662596b2b337666502f374a5775324a79776d2b33396f4e44436d2b3756696c4e55706a6f51396a466a39574b712f306e597736784e6f3152313037303772706a6454485567464a2f694b7232716d2b36487772757462367075757466486f706434423358304a642b51716e537262756431722b55753851456179596c676d5364323857666f5a437a31516d536c704c2b754646656d6d3238737572335055754b687a62466d73484e6d3578384b5049746638442f4d316a3057313237746f5a7472635333596a6d566a742b33395a3245544e52646f4a2f5a4668666532356b6e736c7435504a666d356c45484155464234503967532f3148695649367236387a4666786776436d694b616346346b4441583475714f4e5676667a58707844325863633077526e3846635858743365434f3837476175376c5243654a7369694841454959346976446c5155554349717a51554f3962417970322f324b33636e396a76736b3967773547663254545765614d74393436387a5235427834573633427562704c714e6d4a6a4c76524d465a424153694d753973667351747a494b62376c33334f6e4e70716362326d4a5075426e4c6342317473516477456f5730334276324a777873334549363071754f453168786e4f562b455037516271743852566e73346b484c7a486a7a755a5553664c797438692b4d487a3846384a4a46364b62716a6f5538485737505635304958772f504947626865363275466f747639334b6c653375366b554b32646f747730744839432b4a4154533871614e692b36423542545344375765496b6c746f4c2b6971757055707663675933586e54777a50566238774a795241663144593132656b646e6e6b3461716b2b365063695a68636a556e55514a594763514a62524566374d6e734f4f457839513176396737463933475653414d3537354e6e585a6a4c7359327875642f2f36633875327058386b71724f6d3242444f542f4869435239516b59426d5a415a59453851336d63433371536679686565796a6e6166386e384a6e756145414b507a496575564b376878514f68577a6167626c383751596f592b762b4444456f61733932702b35433752455a4949616e70484d386a31325861496a68705a4135486a4546554875544f54464c37664a6e2b584f7432716e394a643863542b3179614c4c47386451756635592f31367564326f2f5a356e6871463852727a6e773874597650797a6331613666326e786e50584b6c642b756e7273577274314c37502f6a34497463743935487350555468716a387770792f31344872794f454557544a555648375161794f475461766c47373943336341634b597974666541744b33634438524856365946735a5a2f74494f532b335265637178744c4d595368704838557337656d71507a6f3863537a734c6e635576376865496f324f324a766e69336b4163697476323544743379454f7a386a45366c39514a655261344238696a535633667a46422b686b42533937446730617547514c614a7a396f5a30786b49354358784e547247644234436555326272474636746f4e457a6d6b6a4f7562704a6f6a6b6b445369342b492b5143546270424564463363506b5a796b52335241792b4f336c4964775777676c3842776d4e6b334b69493474355873495a566b5049355342323765457454454e704f4934783665375741577858446e484a77766c6e7947576c6e4e386248624a55724f4d355333453071514b35506b716d504f5179364c337046673858346c4a46637276494a6772693938535a65583345457a4c7847796955423669555478386938736c535561656d626f413065794b304937413356754b4864774a737245633748464a6f5a334433554934682f6a374e36377541644c5a7874664f5948346f52507365306a48637338666675434d69544e575a5172512f51543639597a592b636d584d46675767656651576a31316b3765786f4d7149553753386f41634e344c683552737a587352657036616f2b4d44357a695932702f52526d306e4f4a6a356d74324b4154396946453874554d39596c61573272316a47344e6f6854456f42384f4369476a5a57525445794956646b6e616579625249423758376a735650556251665542512b734f466b6a4b5438466d58524f7036325374424f377a4d65547a76724a54705037546d77744235484f37334c74303774734c522b522b3330336e6c51657848656152314e73646f784f46722f4d6b7674334c2f4c7a394a514f39704136376d3138317a476774727667372f664f61777a65446a747648665274536959632b6e61596478646c6e57504264793335386572427979446f485a41567a504255377333786f7a364639594c32386c4e486d75302b6a65444d59626162365164394b7a63557343317877702b79695939724a753034612b355155326a3864542b6762316857697a556e784a764f696c4466666a6e3142506d736158326639424f4835687a476d746f4a32465662395548487a4862586f7a325a776a41584e32334a39632b64653747326538764e7433597939432b776233703955306832657978676c4570706576312f372f744f3679496c7839785838783838326762634d504347707662343871625079526f2f2b42564d5861786f4d6359384c4468507449787541672f574958322b4937636946574732464f396d337045474f6f4378432b316e33456e7a466347707571785368737a7541756a7879716a4b79717866307265316d423971354e67774d4f5049644c73506d43642f7175666f682b746d345766557566453236763772764e75394544306f62346b6d496653626b4b4f41745068757649334d5862596252636a375a64662b3056416138466b6f3654563669732f6637552b777647663241482f6c4c736434584a3835426f6c526976334b6556742b6c6c72695a625468564c2b4266637766504a6354363071556c6474664b59415a596e796439442b7339524c456250484a326e4e7143656c314e2f4457366c5a36324646654e4b555947677a58365837786262596e6b4e7578503377732b5237754f754e785a384c76746d756574794a4d6649357238327466564e3050595032306e4a4e387231664674704c7257494a46696e4966374a764d37384d315252657539515a354d5272563368313158487a6d3133784657764b46437439696333362f4e2b5043767147716b474d64506c76794430766e76624e626c332b47702f2f746c36623855586e59795531696b3733534d69674b756c5476582f547671326e68654138704c766d575531626c4e326239716561476f36457155643068726d6d46686d766d7a6371617a765257522b33627350563153546a394b3639716137352f3278394c4f65687567634a6a752f61647858326b4675616c2b39385366444a742b31766e4370396862763752726d68483636683067355968336674783371666233505872355162477133716656427576336c6e572f6472546d372b784b575a316b3671376c656d64707433446f6d6e65416b4570653348386e756a4a2f55417a3146634e6e2f595038774c6e55704e6239314654413841356a656a31724d4b2f306e43494230766d303336554e372b7a3936394a73634a4130454162697945654738534a2b744e2f4344335032562b70565272413674314d6c565454583933455053304a466a4556357176384e666f374c6573386d67663549486f37534b455841794476486d557679796649392f73676e786d6c2b6645576170726b413365667277745a39744733764a6331586b526231747850624c4a3366416d7237394e414e615a3770387145506c6c6e6567414c6659566a4e5838694177596a72485931646d636b41486a4d5261376c6e754c44496948574f774b38783275744964593741727a4d36364649387a73577534547273304f437a6f356d355131686f584e322b4b516d6e6d383033766365704d336d37496d432f7a37374e7033627744546c2f7654347041716d77727654667a546d325934664e4337504634685030326d39697977427a714675676b664a5a654254703474707659736b746678326e5950794178712b612b4c523272714574594d4c7239694942654c3035505a7944323036796c66593031462f597a58553337417573436334315851546c69586d484f38736e7950645645356e726978366243684a76686f795259314e694f327a4c796e7164544c39344468552f353545592b664c417659564e5075755772334e57486262464452695973506b7036774c5a4b4f62787268416e6255704676744775455339737765787a64354d6e334741354879664c786537683132315a5337622b706e522b784c6a4d32732b746b652b303645553774653768317543587854757962334362654d66464f374a766357742f5230686278712b526d334451372f386965762f2b4873704e6e6f2f726a346f7a333367414931326430336665426752496e455664626f786e4f4c45685856506f774b6d776555365a67536e544a64524a6c496c4f69553651494b3159456e30536e544e53695665424b644d6c324c5569314e523665654c714863413875584a2f57767141726c4b6e38487175545431317a4c6452785858625833476e47505342486b6453577177333043513542586c4739776e3459677943764b2f32486e7670496d6857456f6a4636516e456a39357a42352f367563523534423230685639327a68712b3543776c675578366a346635446e6f337a4555644861677a7931573958737376754e504c66794363636c62755339622b557a6a73764f7237486736646b4564506935477776414353376a6a4f7a3661413050324353636b7a7a5062357a674d73374a746a352f6f79342f646944356e642b5950654f734c46362f657551377549547a6f744f786e594f375a4a796e346e4e73352b4165635556304f625a7a63426646465672735a4b64666e583773514842346177304839344b725a6e2f62476d5950754770776c35336677593234627653327265472b5a73423132566c325a6b2b6f4956724a546c2f4e4e7a553746552b587a584a4e46314648634c53625a666143576b592f325a6c39514332546a657a306675447177516f574a31394363536b764766566f386247535a2f61496d683475736a50376a4c6f3244396d5a665542644b76617a38386a3067747057382b39642b5171754b4b6f6272622b41592f5942395757786e5a335a463753776d73374f37455852784767354f374d506143504c76646e706f2b4e662f4736394f5476312f497666625661766b6d66324165326f32447863772b77524c54314d5a6d66324757307442724d7a7530786f53326437325a6b396f4c564a7247566e396733744257505a6d62306f4f6b6932736a50376842353074705364325666304d596d64374d792b6f5a64674a6a757a7a3470756b7048737a4334544f7070745a476632674a35554c47526e39675639545161794d2f754933734c744c31365a76536936537a6366732b44706d762f73335732536f7941556865456a584558427a6f6564614e496b6d62762f5655374e6e374671717275364d306c453554786265417442564c5165435a693032666b75335259705345695a6e646e666b49613336543647596e614856487979374d78756b45365a364942705a672b43684b6f6b68356777753632526c4575516e646d7452324b6236624d7a653448554a4579646e646c4c7043646832757a4d586d494f7845365a6e646c627a494f3330353035792b774f632b4874564539656d64316850727964496a76643147464f7644322f504144313057426569676c2b376376715154417a5a5637645758337350755454674e5848377675586461647570745742307236714f2b30304347624b76367737717873426375764f36673741724c76337a773541463357594e322f6a6b3776545552336d7a6f646e6432663146764d6e515864504330444451557367722b3430374c58455172676e626452536637494646735070655867384148585265695351654b4f5757334d31466d583738493063666167524c497933385a47464851316e6456676543512b386145585876623568696553686852305863317373564b582f74304e5046323038466d7472342b337541445163315167577a4e382f77564f2f3178624c4a6873393344584230793761456f74586165782b486f412b4e486973514848584a7a4f3862334f435652447a7777733933654a3474353750685a34722b4d5a6a52517172483938456f50366b4738477169506c6d36346265315a5a596e546656793563423648725155474f46664e444439664d4164496c61596156616a56384d65413731707342714663336e41353544765257736d4f513234446e557877476679354b655133306b37586973466656376251706b6f5168362b724e7052384f37616976495261563648466a3964744c676b5a4861614c78774b5763725a4b61307575387976373576616d52485774567a746a667875354d3242624c6b6a6570376c6c4e384e313766633752744e4d4e765a3635485656636a59314a5a5058585a5465716d514f6245715236366a4b4a4862556f516171505a504b445a78622b544f68564739586a4e59766c754b77474e44326a473843754f2f752f4c3046534f346463627663616e474c35665a2f5466375a6a6273707767464551446a6a696f65414630454933702f2f2f4b5548716d4b672b6e6b726b36614862582b6f4e56752b6e6948394a4a764e5648584f386b2f612b6b425743625933334f2b4e756b303670333032472b6250734f744e3576676d584136412b7837686f4c53455853622b4e634a734177373733646a514f4b6c4854657a6b6e4a6e5865393767426b6a465465535630423650512b742f766b41436b65336e485539633773377057664277436332763178556737414e6a73712b39343749436e70304a2f6a4c43534162743748697074614146564e326c344179784a676a4e37385a5846654b4472306c354657694e76387a326b41494d7563584c32555538546d31323550337569637a474e6f6f7472323272766c7a742f2b6f4a5035317573347a72775a527572326261677a695a4268366a2b3734476266496f54546874754b584847456a4548395235584c724436526a55327079324a56622f5447786234715479704631663452546c2f713066716d332b4c4974526c63484d704a76654259596e326a3333666a562b4f5147536d506846786c425a613067356e3169303938386e5a4543424975617470766b6346557872484757572b3066767241477a4e59724a466b50476279576c51633139696766394c36636f2f74586d7354644474384a65476c597254583938435a4b6345352f6b6872725455686b2f347573776e707246334b2f49726b6d61675a436467664c4f67764f5539775277724f5264424e6a5834456373615943436e3564366c45534d72592f314c6d767745337342684450696e37665141414141424a52553545726b4a6767673d3d, NULL, NULL, '2023-04-24 13:39:48', '2023-04-24 13:39:48'),
(5, 'Jaime', 'Balmes y Urpiá', 'Jaimito', 'jaime@gmail.com', '$2y$10$Owmg81G7YWDI.Egfl329Ye45FeIgMFrummweidzfwDsaQhC6QZlUW', NULL, '2023-04-07', 'student', 0x6956424f5277304b47676f414141414e5355684555674141416659414141483243414d41414143314e56364f414141415931424d564555414141446335757a6335757a6335757a6335757a6335757a6335757a6335757a6335757a6335757a6335757a6335757a6335757a6335757a6335757a633575796e7663724d32754b6374634f7978644848317436387a646558734c2b4d714c6a5233755842306475337964545834756d7377633253724c796975636148704c586335757931384e784f4141414145485253546c4d41514c2f76454743416e7944664d4d2b50634b395135424c593467414145796c4a524546556546377331307475677a45494247434d62577a3876414c3350325756536c6b3354662b486e633633597a324345665150414c676e65656a504b644e6e676649644d544f722f59435a6b3068304c74436d494c67706a646e656f7a796b75304c6267444a6c7342314475665846477744796c46487442492f7761543151596d4d376c77355a702f55684f47467646366d7046376f5a354e69715863327a4f4c6f4a684a6a55626e4e48394442627462763530544e6442584966746770746b383448705656626978387830496c674e72556c38566e6e486d62797472423666504a516b72666c31534f765065536d746f6b5236516751597257642b46546f6a38416c32342f3251472b44304e55326c5278644134752b2f387044724c6139333755385a50483245586a536936416b2b787a36306938506a722f594e595063434745596968596343424159564a557571746e382b352b79693635476c567045523671532f3934566e6d782f4f314662784f67676e70482b6e667a5433526147575a49516a33544549783378534b39645048537a544d6a6e556a307257355072484577336552456230744d71503262336b2b30577371526653484b5772496d6862674d6a6667795a557a7236652f765136644e58663466594c664d37394a4e4c6c4f73464439484f736453684c4a616c44694f6c586a3855504b584f6842394337554f6b5a31646e682b3943647644315a745476774e78577370754b546745744a62733964424b344e64506f56396c426f3039464274446f5366416b2b753243414368543351302b36776f5148587462565444676c354164445068426677464b63747a5749526243484739794e6a6361474f6f4b63374f65416d51692f442b41647a35504565685a3350444f465a366e324b786e413746674865395978337654707a6b594f4d336848657434787a726573593533724f4d6436336976616c2b48486575586544324f39376348506f376a7a74336d41766d547654506162684d47676d674e4a6f596b545953774543444c732f2f2f6c583370533376534e4c4554324246376632484f536a50616c5354365365646c3842372f496e73337a48314275707671365478634d7a36456436486e3139303672576d2b6a5067633862716f6c7235756261726958616246347a61796d796e6e4c6b7a3161526c784439484e5a4c72627447514b492b346e756c3555386d4b7176304876497236494d535362702f3262597966366d44322b6b6e695a314c3953612b32586b50486c4f4958434e78625962784364582f6848753950366d7a6e6a32334354796d4d626932356e6a2b386b446b6e455974796a7143493566446435466c565557396935576a5378524b79416e3051547a7a7333385a50484f7352683333622b78466e71397a4e4f464c61752f4b3562386c695475496765756c5674335548304d4565737a445778327a702b4f3366422b75522b6c3761754569326b455a75774541395638702f4f395245623458593362504d71576767526d7a456d55634c544b71713374536868774a626b666c66622b354d6f77574662596b2b337666502f374a5775324a79776d2b33396f4e44436d2b3756696c4e55706a6f51396a466a39574b712f306e597736784e6f3152313037303772706a6454485567464a2f694b7232716d2b36487772757462367075757466486f706434423358304a642b51716e537262756431722b55753851456179596c676d5364323857666f5a437a31516d536c704c2b754646656d6d3238737572335055754b687a62466d73484e6d3578384b5049746638442f4d316a3057313237746f5a7472635333596a6d566a742b33395a3245544e52646f4a2f5a4668666532356b6e736c7435504a666d356c45484155464234503967532f3148695649367236387a4666786776436d694b616346346b4441583475714f4e5676667a58707844325863633077526e3846635858743365434f3837476175376c5243654a7369694841454959346976446c5155554349717a51554f3962417970322f324b33636e396a76736b3967773547663254545765614d74393436387a5235427834573633427562704c714e6d4a6a4c76524d465a424153694d753973667351747a494b62376c33334f6e4e70716362326d4a5075426e4c6342317473516477456f5730334276324a777873334549363071754f453168786e4f562b455037516271743852566e73346b484c7a486a7a755a5553664c797438692b4d487a3846384a4a46364b62716a6f5538485737505635304958772f504947626865363275466f747639334b6c653375366b554b32646f747730744839432b4a4154533871614e692b36423542545344375765496b6c746f4c2b6971757055707663675933586e54777a50566238774a795241663144593132656b646e6e6b3461716b2b365063695a68636a556e55514a594763514a62524566374d6e734f4f457839513176396737463933475653414d3537354e6e585a6a4c7359327875642f2f36633875327058386b71724f6d3242444f542f4869435239516b59426d5a415a59453851336d63433371536679686565796a6e6166386e384a6e756145414b507a496575564b376878514f68577a6167626c383751596f592b762b4444456f61733932702b35433752455a4949616e70484d386a31325861496a68705a4135486a4546554875544f54464c37664a6e2b584f7432716e394a643863542b3179614c4c47386451756635592f31367564326f2f5a356e6871463852727a6e773874597650797a6331613666326e786e50584b6c642b756e7273577274314c37502f6a34497463743935487350555468716a387770792f31344872794f454557544a555648375161794f475461766c47373943336341634b597974666541744b33634438524856365946735a5a2f74494f532b335265637178744c4d595368704838557337656d71507a6f3863537a734c6e635576376865496f324f324a766e69336b4163697476323544743379454f7a386a45366c39514a655261344238696a535633667a46422b686b42533937446730617547514c614a7a396f5a30786b49354358784e547247644234436555326272474636746f4e457a6d6b6a4f7562704a6f6a6b6b445369342b492b5143546270424564463363506b5a796b52335241792b4f336c4964775777676c3842776d4e6b334b69493474355873495a566b5049355342323765457454454e704f4934783665375741577858446e484a77766c6e7947576c6e4e386248624a55724f4d355333453071514b35506b716d504f5179364c337046673858346c4a46637276494a6772693938535a65583345457a4c7847796955423669555478386938736c535561656d626f413065794b304937413356754b4864774a737245633748464a6f5a334433554934682f6a374e36377541644c5a7874664f5948346f52507365306a48637338666675434d69544e575a5172512f51543639597a592b636d584d46675767656651576a31316b3765786f4d7149553753386f41634e344c683552737a587352657036616f2b4d44357a695932702f52526d306e4f4a6a356d74324b4154396946453874554d39596c61573272316a47344e6f6854456f42384f4369476a5a57525445794956646b6e616579625249423758376a735650556251665542512b734f466b6a4b5438466d58524f7036325374424f377a4d65547a76724a54705037546d77744235484f37334c74303774734c522b522b3330336e6c51657848656152314e73646f784f46722f4d6b7674334c2f4c7a394a514f39704136376d3138317a476774727667372f664f61777a65446a747648665274536959632b6e61596478646c6e57504264793335386572427979446f485a41567a504255377333786f7a364639594c32386c4e486d75302b6a65444d59626162365164394b7a63557343317877702b79695939724a753034612b355155326a3864542b6762316857697a556e784a764f696c4466666a6e3142506d736158326639424f4835687a476d746f4a32465662395548487a4862586f7a325a776a41584e32334a39632b64653747326538764e7433597939432b776233703955306832657978676c4570706576312f372f744f3679496c7839785838783838326762634d504347707662343871625079526f2f2b42564d5861786f4d6359384c4468507449787541672f574958322b4937636946574732464f396d337045474f6f4378432b316e33456e7a466347707571785368737a7541756a7879716a4b79717866307265316d423971354e67774d4f5049644c73506d43642f7175666f682b746d345766557566453236763772764e75394544306f62346b6d496653626b4b4f41745068757649334d5862596252636a375a64662b3056416138466b6f3654563669732f6637552b777647663241482f6c4c736434584a3835426f6c526976334b6556742b6c6c72695a625468564c2b4266637766504a6354363071556c6474664b59415a596e796439442b7339524c456250484a326e4e7143656c314e2f4457366c5a36324646654e4b555947677a58365837786262596e6b4e7578503377732b5237754f754e785a384c76746d756574794a4d6649357238327466564e3050595032306e4a4e387231664674704c7257494a46696e4966374a764d37384d315252657539515a354d5272563368313158487a6d3133784657764b46437439696333362f4e2b5043767147716b474d64506c76794430766e76624e626c332b47702f2f746c36623855586e59795531696b3733534d69674b756c5476582f547671326e68654138704c766d575531626c4e326239716561476f36457155643068726d6d46686d766d7a6371617a765257522b33627350563153546a394b3639716137352f3278394c4f65687567634a6a752f61647858326b4675616c2b39385366444a742b31766e4370396862763752726d68483636683067355968336674783371666233505872355162477133716656427576336c6e572f6472546d372b784b575a316b3671376c656d64707433446f6d6e65416b4570653348386e756a4a2f55417a3146634e6e2f595038774c6e55704e6239314654413841356a656a31724d4b2f306e43494230766d303336554e372b7a3936394a73634a4130454162697945654738534a2b744e2f4344335032562b70565272413674314d6c565454583933455053304a466a4556357176384e666f374c6573386d67663549486f37534b455841794476486d557679796649392f73676e786d6c2b6645576170726b413365667277745a39744733764a6331586b526231747850624c4a3366416d7237394e414e615a3770387145506c6c6e6567414c6659566a4e5838694177596a72485931646d636b41486a4d5261376c6e754c44496948574f774b38783275744964593741727a4d36364649387a73577534547273304f437a6f356d355131686f584e322b4b516d6e6d383033766365704d336d37496d432f7a37374e7033627744546c2f7654347041716d77727654667a546d325934664e4337504634685030326d39697977427a714675676b664a5a654254703474707659736b746678326e5950794178712b612b4c523272714574594d4c7239694942654c3035505a7944323036796c66593031462f597a58553337417573436334315851546c69586d484f38736e7950645645356e726978366243684a76686f795259314e694f327a4c796e7164544c39344468552f353545592b664c417659564e5075755772334e57486262464452695973506b7036774c5a4b4f62787268416e6255704676744775455339737765787a64354d6e334741354879664c786537683132315a5337622b706e522b784c6a4d32732b746b652b303645553774653768317543587854757962334362654d66464f374a766357742f5230686278712b526d334451372f386965762f2b4873704e6e6f2f726a346f7a333367414931326430336665426752496e455664626f786e4f4c45685856506f774b6d776555365a67536e544a64524a6c496c4f69553651494b3159456e30536e544e53695665424b644d6c324c5569314e523665654c714863413875584a2f57767141726c4b6e38487175545431317a4c6452785858625833476e47505342486b6453577177333043513542586c4739776e3459677943764b2f32486e7670496d6857456f6a4636516e456a39357a42352f367563523534423230685639327a68712b3543776c675578366a346635446e6f337a4555644861677a7931573958737376754e504c66794363636c62755339622b557a6a73764f7237486736646b4564506935477776414353376a6a4f7a3661413050324353636b7a7a5062357a674d73374a746a352f6f79342f646944356e642b5950654f734c46362f657551377549547a6f744f786e594f375a4a796e346e4e73352b4165635556304f625a7a63426646465672735a4b64666e583773514842346177304839344b725a6e2f62476d5950754770776c35336677593234627653327265472b5a73423132566c325a6b2b6f4956724a546c2f4e4e7a553746552b587a584a4e46314648634c53625a666143576b592f325a6c39514332546a657a306675447177516f574a31394363536b764766566f386247535a2f61496d683475736a50376a4c6f3244396d5a665542644b76617a38386a3067747057382b39642b5171754b4b6f6272622b41592f5942395757786e5a335a463753776d73374f37455852784767354f374d506143504c76646e706f2b4e662f4736394f5476312f497666625661766b6d66324165326f32447863772b77524c54314d5a6d66324757307442724d7a7530786f53326437325a6b396f4c564a7247566e396733744257505a6d62306f4f6b6932736a50376842353074705364325666304d596d64374d792b6f5a64674a6a757a7a3470756b7048737a4334544f7070745a476632674a35554c47526e39675639545161794d2f754933734c744c31365a76536936537a6366732b44706d762f73335732536f7941556865456a584558427a6f6564614e496b6d62762f5655374e6e374671717275364d306c453554786265417442564c5165435a693032666b75335259705345695a6e646e666b49613336543647596e614856487979374d78756b45365a364942705a672b43684b6f6b68356777753632526c4575516e646d7452324b6236624d7a653448554a4579646e646c4c7043646832757a4d586d494f7845365a6e646c627a494f3330353035792b774f632b4874564539656d64316850727964496a76643147464f7644322f504144313057426569676c2b376376715154417a5a5637645758337350755454674e5848377675586461647570745742307236714f2b30304347624b76367737717873426375764f36673741724c76337a773541463357594e322f6a6b3776545552336d7a6f646e6432663146764d6e515864504330444451557367722b3430374c58455172676e626452536637494646735070655867384148585265695351654b4f5757334d31466d583738493063666167524c497933385a47464851316e6456676543512b386145585876623568696553686852305863317373564b582f74304e5046323038466d7472342b337541445163315167577a4e382f77564f2f3178624c4a6873393344584230793761456f74586165782b486f412b4e486973514848584a7a4f3862334f435652447a7777733933654a3474353750685a34722b4d5a6a52517172483938456f50366b4738477169506c6d36346265315a5a596e546656793563423648725155474f46664e444439664d4164496c61596156616a56384d65413731707342714663336e41353544765257736d4f513234446e557877476679354b655133306b37586973466656376251706b6f5168362b724e7052384f37616976495261563648466a3964744c676b5a4861614c78774b5763725a4b61307575387976373576616d52485774567a746a667875354d3242624c6b6a6570376c6c4e384e313766633752744e4d4e765a3635485656636a59314a5a5058585a5465716d514f6245715236366a4b4a4862556f516171505a504b445a78622b544f68564739586a4e59766c754b77474e44326a473843754f2f752f4c3046534f346463627663616e474c35665a2f5466375a6a6273707767464551446a6a696f65414630454933702f2f2f4b5548716d4b672b6e6b726b36614862582b6f4e56752b6e6948394a4a764e5648584f386b2f612b6b425743625933334f2b4e756b303670333032472b6250734f744e3576676d584136412b7837686f4c53455853622b4e634a734177373733646a514f4b6c4854657a6b6e4a6e5865393767426b6a465465535630423650512b742f766b41436b65336e485539633773377057664277436332763178556737414e6a73712b39343749436e70304a2f6a4c43534162743748697074614146564e326c344179784a676a4e37385a5846654b4472306c354657694e76387a326b41494d7563584c32555538546d31323550337569637a474e6f6f7472323272766c7a742f2b6f4a5035317573347a72775a527572326261677a695a4268366a2b3734476266496f54546874754b584847456a4548395235584c724436526a55327079324a56622f5447786234715479704631663452546c2f713066716d332b4c4974526c63484d704a76654259596e326a3333666a562b4f5147536d506846786c425a613067356e3169303938386e5a4543424975617470766b6346557872484757572b3066767241477a4e59724a466b50476279576c51633139696766394c36636f2f74586d7354644474384a65476c597254583938435a4b6345352f6b6872725455686b2f347573776e707246334b2f49726b6d61675a436467664c4f67764f5539775277724f5264424e6a5834456373615943436e3564366c45534d72592f314c6d767745337342684450696e37665141414141424a52553545726b4a6767673d3d, NULL, NULL, '2023-04-24 14:42:21', '2023-04-24 14:42:21');

--
-- Índices para tablas volcadas
--

--
-- Indices de la tabla `failed_jobs`
--
ALTER TABLE `failed_jobs`
  ADD PRIMARY KEY (`id`),
  ADD UNIQUE KEY `failed_jobs_uuid_unique` (`uuid`);

--
-- Indices de la tabla `migrations`
--
ALTER TABLE `migrations`
  ADD PRIMARY KEY (`id`);

--
-- Indices de la tabla `password_reset_tokens`
--
ALTER TABLE `password_reset_tokens`
  ADD PRIMARY KEY (`email`);

--
-- Indices de la tabla `personal_access_tokens`
--
ALTER TABLE `personal_access_tokens`
  ADD PRIMARY KEY (`id`),
  ADD UNIQUE KEY `personal_access_tokens_token_unique` (`token`),
  ADD KEY `personal_access_tokens_tokenable_type_tokenable_id_index` (`tokenable_type`,`tokenable_id`);

--
-- Indices de la tabla `ranking`
--
ALTER TABLE `ranking`
  ADD PRIMARY KEY (`id`),
  ADD UNIQUE KEY `ranking_ranking_name_unique` (`ranking_name`),
  ADD UNIQUE KEY `ranking_code_unique` (`code`),
  ADD KEY `ranking_owner_foreign` (`owner`);

--
-- Indices de la tabla `ranking_user`
--
ALTER TABLE `ranking_user`
  ADD PRIMARY KEY (`id`),
  ADD UNIQUE KEY `ranking_user_id_ranking_id_user_unique` (`id_ranking`,`id_user`),
  ADD KEY `ranking_user_id_user_foreign` (`id_user`);

--
-- Indices de la tabla `task`
--
ALTER TABLE `task`
  ADD PRIMARY KEY (`id`),
  ADD KEY `task_id_ranking_foreign` (`id_ranking`);

--
-- Indices de la tabla `task_user`
--
ALTER TABLE `task_user`
  ADD PRIMARY KEY (`id`),
  ADD KEY `task_user_id_task_foreign` (`id_task`),
  ADD KEY `task_user_id_user_foreign` (`id_user`);

--
-- Indices de la tabla `user`
--
ALTER TABLE `user`
  ADD PRIMARY KEY (`id`),
  ADD UNIQUE KEY `user_nick_unique` (`nick`),
  ADD UNIQUE KEY `user_email_unique` (`email`);

--
-- AUTO_INCREMENT de las tablas volcadas
--

--
-- AUTO_INCREMENT de la tabla `failed_jobs`
--
ALTER TABLE `failed_jobs`
  MODIFY `id` bigint(20) UNSIGNED NOT NULL AUTO_INCREMENT;

--
-- AUTO_INCREMENT de la tabla `migrations`
--
ALTER TABLE `migrations`
  MODIFY `id` int(10) UNSIGNED NOT NULL AUTO_INCREMENT, AUTO_INCREMENT=41;

--
-- AUTO_INCREMENT de la tabla `personal_access_tokens`
--
ALTER TABLE `personal_access_tokens`
  MODIFY `id` bigint(20) UNSIGNED NOT NULL AUTO_INCREMENT, AUTO_INCREMENT=39;

--
-- AUTO_INCREMENT de la tabla `ranking`
--
ALTER TABLE `ranking`
  MODIFY `id` bigint(20) UNSIGNED NOT NULL AUTO_INCREMENT, AUTO_INCREMENT=6;

--
-- AUTO_INCREMENT de la tabla `ranking_user`
--
ALTER TABLE `ranking_user`
  MODIFY `id` bigint(20) UNSIGNED NOT NULL AUTO_INCREMENT, AUTO_INCREMENT=5;

--
-- AUTO_INCREMENT de la tabla `task`
--
ALTER TABLE `task`
  MODIFY `id` bigint(20) UNSIGNED NOT NULL AUTO_INCREMENT, AUTO_INCREMENT=19;

--
-- AUTO_INCREMENT de la tabla `task_user`
--
ALTER TABLE `task_user`
  MODIFY `id` bigint(20) UNSIGNED NOT NULL AUTO_INCREMENT;

--
-- AUTO_INCREMENT de la tabla `user`
--
ALTER TABLE `user`
  MODIFY `id` bigint(20) UNSIGNED NOT NULL AUTO_INCREMENT, AUTO_INCREMENT=6;

--
-- Restricciones para tablas volcadas
--

--
-- Filtros para la tabla `ranking`
--
ALTER TABLE `ranking`
  ADD CONSTRAINT `ranking_owner_foreign` FOREIGN KEY (`owner`) REFERENCES `user` (`nick`);

--
-- Filtros para la tabla `ranking_user`
--
ALTER TABLE `ranking_user`
  ADD CONSTRAINT `ranking_user_id_ranking_foreign` FOREIGN KEY (`id_ranking`) REFERENCES `ranking` (`id`) ON DELETE CASCADE,
  ADD CONSTRAINT `ranking_user_id_user_foreign` FOREIGN KEY (`id_user`) REFERENCES `user` (`id`);

--
-- Filtros para la tabla `task`
--
ALTER TABLE `task`
  ADD CONSTRAINT `task_id_ranking_foreign` FOREIGN KEY (`id_ranking`) REFERENCES `ranking` (`id`) ON DELETE CASCADE;

--
-- Filtros para la tabla `task_user`
--
ALTER TABLE `task_user`
  ADD CONSTRAINT `task_user_id_task_foreign` FOREIGN KEY (`id_task`) REFERENCES `task` (`id`) ON DELETE CASCADE,
  ADD CONSTRAINT `task_user_id_user_foreign` FOREIGN KEY (`id_user`) REFERENCES `user` (`id`);
COMMIT;

/*!40101 SET CHARACTER_SET_CLIENT=@OLD_CHARACTER_SET_CLIENT */;
/*!40101 SET CHARACTER_SET_RESULTS=@OLD_CHARACTER_SET_RESULTS */;
/*!40101 SET COLLATION_CONNECTION=@OLD_COLLATION_CONNECTION */;
